{
  "ordenados": {
    "insertion": {
      "min": 512700,
      "max": 855200,
      "media": 565835,
      "mediana": 545500.0,
      "moda": 538000,
      "desvio": 56452.17762483445,
      "lista": [
        647500,
        682100,
        687300,
        545800,
        512700,
        514100,
        532300,
        531100,
        528400,
        550300,
        776200,
        541900,
        538000,
        533900,
        584600,
        531600,
        527100,
        536100,
        534800,
        565400,
        533700,
        544500,
        607000,
        587900,
        547200,
        665100,
        554700,
        538000,
        540500,
        529700,
        548000,
        537100,
        545200,
        523000,
        529600,
        592100,
        577200,
        585700,
        606300,
        533200,
        600900,
        600400,
        575000,
        630100,
        546600,
        593700,
        565100,
        748100,
        556200,
        529900,
        541600,
        541500,
        548100,
        682500,
        567500,
        541000,
        533200,
        547900,
        539200,
        632600,
        543700,
        535400,
        526000,
        627600,
        855200,
        579000,
        551000,
        532500,
        616200,
        530300,
        528700,
        665000,
        539800,
        524700,
        541300,
        536200,
        531500,
        544500,
        547500,
        570400,
        531300,
        536600,
        528600,
        560700,
        551600,
        541400,
        557600,
        572400,
        561000,
        549800,
        522800,
        514700,
        526700,
        547300,
        518600,
        562900,
        594700,
        545000,
        524100,
        561200
      ]
    },
    "merge": {
      "min": 7908000,
      "max": 10099900,
      "media": 8346476,
      "mediana": 8229150.0,
      "moda": 7943100,
      "desvio": 386303.0280999515,
      "lista": [
        8400700,
        8103300,
        8106500,
        7943100,
        8468400,
        8164900,
        8125100,
        8324300,
        8352800,
        8534600,
        8449500,
        8244500,
        8426300,
        7935400,
        8200700,
        8123500,
        8160500,
        7971800,
        8362600,
        8150800,
        8092300,
        7986800,
        7976600,
        8014000,
        8037200,
        8049400,
        8025700,
        8111800,
        8014300,
        7982000,
        7908000,
        8447600,
        8085500,
        8021200,
        7998400,
        8017700,
        7943100,
        7963200,
        7967600,
        7989400,
        7951600,
        8146300,
        8053400,
        8100100,
        8195400,
        8132100,
        7955500,
        8122400,
        7957400,
        8012500,
        8002200,
        8166700,
        8074100,
        8035400,
        8096700,
        8124100,
        8094300,
        8436600,
        8100800,
        9204100,
        8888400,
        8938200,
        8792400,
        8669400,
        8927400,
        9097900,
        8420700,
        8435700,
        8474400,
        8588900,
        8550100,
        8656700,
        8423800,
        9147800,
        8567400,
        8818800,
        8390100,
        8689200,
        8534300,
        8446600,
        8286800,
        10099900,
        9039200,
        8739200,
        8638500,
        9102900,
        9495300,
        8611900,
        8502900,
        8213400,
        8340900,
        8494300,
        8895500,
        8322500,
        8229200,
        8427200,
        8282100,
        8749400,
        8346400,
        8229100
      ]
    },
    "hibrido": {
      "min": 3431900,
      "max": 4176800,
      "media": 3687806,
      "mediana": 3651000.0,
      "moda": 3630700,
      "desvio": 161706.41049741843,
      "lista": [
        3619800,
        3636400,
        3596300,
        3662800,
        3630900,
        3514700,
        3597000,
        3818100,
        3995600,
        3466900,
        3630700,
        3593200,
        3679100,
        3513100,
        3798600,
        3431900,
        3811400,
        3593800,
        3729700,
        3521500,
        3683100,
        3918500,
        3524800,
        3640300,
        3538700,
        3795800,
        3762000,
        4016000,
        3763200,
        3960800,
        3574300,
        4077300,
        3852700,
        3837000,
        3917400,
        3582600,
        3713200,
        3612700,
        3730400,
        3446400,
        3610500,
        3493800,
        3923500,
        3451900,
        3773200,
        3449000,
        3737300,
        3953000,
        3650900,
        3616900,
        3582200,
        3651000,
        3448400,
        3613400,
        3572400,
        3651000,
        3679200,
        3641700,
        3514500,
        3639900,
        3712800,
        3762500,
        3551900,
        3695000,
        3599100,
        4176800,
        3804300,
        3630700,
        3840000,
        3540600,
        3781600,
        3617300,
        3773700,
        3553600,
        3768900,
        3451100,
        3853600,
        3588500,
        3833700,
        3478400,
        3812100,
        3546100,
        3885000,
        3740500,
        3568300,
        3867000,
        3690400,
        3865800,
        3494600,
        3840300,
        3659200,
        3816200,
        3443700,
        3742100,
        3522800,
        4057200,
        3549300,
        3666600,
        3986900,
        3570000
      ]
    }
  },
  "inversos": {
    "insertion": {
      "min": 2187762900,
      "max": 4669557700,
      "media": 2735473062,
      "mediana": 2198407550.0,
      "moda": 2195236300,
      "desvio": 955912116.1245819,
      "lista": [
        2195236300,
        2191630800,
        2341097900,
        2388859100,
        2258377700,
        2325846700,
        2227243700,
        2215542800,
        2226041000,
        2216137200,
        2421306700,
        2265056000,
        3290639200,
        4454493300,
        4451492700,
        4503282400,
        4512207500,
        4500848600,
        4444007500,
        4669557700,
        4437537000,
        4514369200,
        4450479700,
        4443584100,
        4497723900,
        4458470300,
        4472091800,
        4538332800,
        4444232000,
        4548998800,
        4483011600,
        4521666000,
        4543522400,
        4492715500,
        4625276900,
        3348886500,
        2233889000,
        2221237000,
        2231716800,
        2225439700,
        2203364200,
        2198693400,
        2199314000,
        2201135100,
        2198523700,
        2208836900,
        2196873700,
        2195216700,
        2197807800,
        2190517100,
        2194427200,
        2197444400,
        2192091900,
        2187762900,
        2192724400,
        2193168600,
        2199604500,
        2196386000,
        2198863600,
        2198823700,
        2215077300,
        2196722000,
        2199987100,
        2194241400,
        2197020000,
        2191423600,
        2194714900,
        2193603900,
        2191232800,
        2192301400,
        2198291400,
        2190961000,
        2193762900,
        2194325700,
        2192656600,
        2197663800,
        2195388400,
        2198111500,
        2195943500,
        2192078300,
        2192801700,
        2190355900,
        2191773000,
        2195825900,
        2193919000,
        2212659700,
        2188977200,
        2192108100,
        2192849500,
        2196133400,
        2194347800,
        2193637200,
        2194316800,
        2190155700,
        2189031600,
        2190756800,
        2189369600,
        2191870800,
        2188520100,
        2188723300
      ]
    },
    "merge": {
      "min": 8198800,
      "max": 9797000,
      "media": 8517599,
      "mediana": 8456650.0,
      "moda": 8490100,